{
  "78058 Mountain Home Texas": [
    30.1784056,
    -99.3750239
  ],
  "Adelaide, South Australia, Australia": [
    -34.9281805,
    138.5999312
  ],
  "Afton, WY": [
    42.7252774,
    -110.933402
  ],
  "Anchorage, AK": [
    61.2163129,
    -149.894852
  ],
  "Belgrade, Montana": [
    45.776288,
    -111.1771685
  ],
  "Bend, OR": [
    44.0581728,
    -121.3153096
  ],
  "Brookings, South Dakota": [
    44.311461,
    -96.79844
  ],
  "Brownsville, TX": [
    25.9024289,
    -97.4981698
  ],
  "C29": null,
  "Caldwell, ID": [
    43.6678736,
    -116.689415
  ],
  "Central Florida, FL": [
    28.599591,
    -81.1971284
  ],
  "Colorado": [
    38.7251776,
    -105.607716
  ],
  "Dayton, Ohio": [
    39.7589478,
    -84.1916069
  ],
  "Dudley, Missouri": [
    36.7886649,
    -90.0931526
  ],
  "Englewood, Colorado": [
    39.6482059,
    -104.9879641
  ],
  "FM, KT": null,
  "Falcon, CO": [
    38.9333492,
    -104.6086436
  ],
  "Fall Creek, WI": [
    44.7635717,
    -91.2770993
  ],
  "Galesburg, IL": [
    40.9475652,
    -90.3712169
  ],
  "Galesburg, Illinois": [
    40.9475652,
    -90.3712169
  ],
  "Grand Junction, Colorado": [
    39.0672568,
    -108.56448
  ],
  "HP, MT": [
    36.0434539,
    14.2483064
  ],
  "Hawkesbury, Ontario, Canada": [
    45.610281,
    -74.6055611
  ],
  "Hugo, Oklahoma": [
    34.0106208,
    -95.513122
  ],
  "Illinois": [
    40.0796606,
    -89.4337288
  ],
  "Jackson, MS": [
    32.2998686,
    -90.1830408
  ],
  "KBMC, UT": [
    41.5582521,
    -112.0627385
  ],
  "Kerrville, TX": [
    30.048469,
    -99.1399464
  ],
  "Lenoir, NC": [
    35.2590371,
    -77.6484879
  ],
  "Like New, NO": [
    42.7001037,
    -72.0597841
  ],
  "London, London, United Kingdom": [
    51.5156177,
    -0.0919983
  ],
  "Madisonville, Texas": [
    30.9498688,
    -95.9127773
  ],
  "McAllen, TX": [
    26.204114,
    -98.2300605
  ],
  "Mcallen, Texas": [
    26.204114,
    -98.2300605
  ],
  "Middleton, WI": [
    43.0962919,
    -89.5119565
  ],
  "Middleton, Wisconsin": [
    43.0962919,
    -89.5119565
  ],
  "Morgan, UT": [
    41.0784068,
    -111.6509149
  ],
  "Morgan, Utah": [
    41.0784068,
    -111.6509149
  ],
  "Mountain Home, Texas": [
    30.1784056,
    -99.3750239
  ],
  "Nashua, NH": [
    42.7656251,
    -71.4677032
  ],
  "Ogden, UT": [
    41.2230048,
    -111.9738429
  ],
  "Orlando, Florida": [
    28.5421218,
    -81.379045
  ],
  "Pedro Cobos Puebla, PU": null,
  "Pitt Meadows, BC": [
    49.2207623,
    -122.690153
  ],
  "Plymouth, MA": [
    41.9426657,
    -70.7618592
  ],
  "Plymouth, Massachusetts": [
    41.9426657,
    -70.7618592
  ],
  "Richland, MI": [
    42.3761504,
    -85.4550054
  ],
  "South Saint Paul, Minnesota": [
    44.8906694,
    -93.0372808
  ],
  "South St Paul, MN": [
    44.8906694,
    -93.0372808
  ],
  "Spearman, TX": [
    36.1938947,
    -101.1921818
  ],
  "Stayner, Ontario, Canada": [
    44.4194642,
    -80.0904451
  ],
  "Tupelo, Mississippi": [
    34.2576067,
    -88.7033859
  ],
  "Winston-Salem, NC": [
    36.0998131,
    -80.2440518
  ]
}