{
  "78058 Mountain Home Texas": [
    30.1784056,
    -99.3750239
  ],
  "Belgrade, Montana": [
    45.776288,
    -111.1771685
  ],
  "Brookings, South Dakota": [
    44.311461,
    -96.79844
  ],
  "C29": null,
  "Colorado": [
    38.7251776,
    -105.607716
  ],
  "Dayton, Ohio": [
    39.7589478,
    -84.1916069
  ],
  "Dudley, Missouri": [
    36.7886649,
    -90.0931526
  ],
  "FM, KT": null,
  "Grand Junction, Colorado": [
    39.0672568,
    -108.56448
  ],
  "Hugo, Oklahoma": [
    34.0106208,
    -95.513122
  ],
  "Illinois": [
    40.0796606,
    -89.4337288
  ],
  "Like New, NO": [
    42.7001037,
    -72.0597841
  ],
  "London, London, United Kingdom": [
    51.5156177,
    -0.0919983
  ],
  "Mcallen, Texas": [
    26.204114,
    -98.2300605
  ],
  "Middleton, Wisconsin": [
    43.0962919,
    -89.5119565
  ],
  "Morgan, Utah": [
    41.0784068,
    -111.6509149
  ],
  "Orlando, Florida": [
    28.5421218,
    -81.379045
  ],
  "Plymouth, Massachusetts": [
    41.9426657,
    -70.7618592
  ],
  "South Saint Paul, Minnesota": [
    44.8906694,
    -93.0372808
  ],
  "Stayner, Ontario, Canada": [
    44.4194642,
    -80.0904451
  ],
  "Tupelo, Mississippi": [
    34.2576067,
    -88.7033859
  ]
}